sector,sector_label,mediatype,dominant_signal,htype,dc_type_de,count,mapped_general,mapped_mt_specific,mapped_any,rdf_type_w,rdf_type_m,mt_specific_class,mapping_source,justification
sparte001,Archive,AUDIO,dc:type,,Werbesendung,8,manual,n/a,yes,ec:EditorialWork,aco:AudioManifestation,,D2 manual annotation,"Advertising broadcast; intentional editorial production with defined authorship and broadcast intent → ec:EditorialWork at W. Audio carrier at Manifestation level → aco:AudioManifestation. Item slot deferred — audio I-level not modelled in current phase."
sparte001,Archive,PHOTO,dc:type,,Fotografie,1158,no,no,no,,,,,
sparte001,Archive,PHOTO,dc:type,,Brief,873,yes,yes,yes,,https://ise-fizkarlsruhe.github.io/ddbkg/mocho#Manifestation,mocho:Manifestation,lookup_dctype_to_class.csv | mocho | Default (D9); output/config/image_type2class.json | Default (D9),
sparte001,Archive,PHOTO,dc:type,,Handschrift (Manuskript),803,yes,yes,yes,,https://ise-fizkarlsruhe.github.io/ddbkg/mocho#Manifestation,mocho:Manifestation,lookup_dctype_to_class.csv | mocho | Default (D9); output/config/image_type2class.json | Default (D9),
sparte001,Archive,PHOTO,dc:type,,Bescheinigung,115,yes,yes,yes,,https://ise-fizkarlsruhe.github.io/ddbkg/mocho#Manifestation,mocho:Manifestation,lookup_dctype_to_class.csv | mocho | Default (D9); output/config/image_type2class.json | Default (D9),
sparte001,Archive,PHOTO,dc:type,,Ansichtskarte,101,no,no,no,,,,,
sparte001,Archive,PHOTO,dc:type,,Liste,82,yes,yes,yes,,https://ise-fizkarlsruhe.github.io/ddbkg/mocho#Manifestation,mocho:Manifestation,lookup_dctype_to_class.csv | mocho | Default (D9); output/config/image_type2class.json | Default (D9),
sparte001,Archive,PHOTO,dc:type,,Abschrift,78,yes,yes,yes,,https://ise-fizkarlsruhe.github.io/ddbkg/mocho#Manifestation,mocho:Manifestation,lookup_dctype_to_class.csv | mocho | Default (D9); output/config/image_type2class.json | Default (D9),
sparte001,Archive,PHOTO,dc:type,,Druckgrafik,51,yes,yes,yes,,https://ise-fizkarlsruhe.github.io/ddbkg/mocho#Manifestation,mocho:Manifestation,lookup_dctype_to_class.csv | mocho | Default (D9); output/config/image_type2class.json | Default (D9),
sparte001,Archive,PHOTO,dc:type,,Drucksache,26,yes,yes,yes,,https://ise-fizkarlsruhe.github.io/ddbkg/mocho#Manifestation,mocho:Manifestation,lookup_dctype_to_class.csv | mocho | Default (D9); output/config/image_type2class.json | Default (D9),
sparte001,Archive,PHOTO,dc:type,,Gedicht,23,yes,yes,yes,,https://ise-fizkarlsruhe.github.io/ddbkg/mocho#Manifestation,mocho:Manifestation,lookup_dctype_to_class.csv | mocho | Default (D9); output/config/image_type2class.json | Default (D9),
sparte001,Archive,PHOTO,dc:type,htype_034,Archivale,920,yes,yes,yes,,https://ise-fizkarlsruhe.github.io/ddbkg/mocho#Manifestation,mocho:Manifestation,lookup_dctype_to_class.csv | mocho | Default (D9); output/config/image_type2class.json | Default (D9),
sparte001,Archive,PHOTO,dc:type,htype_034,Bilder,310,yes,yes,yes,,https://ise-fizkarlsruhe.github.io/ddbkg/mocho#Manifestation,mocho:Manifestation,lookup_dctype_to_class.csv | mocho | Default (D9); output/config/image_type2class.json | Default (D9),
sparte001,Archive,PHOTO,dc:type,htype_034,,232,yes,yes,yes,,https://ise-fizkarlsruhe.github.io/ddbkg/mocho#Manifestation,mocho:Manifestation,lookup_dctype_to_class.csv | mocho | Default (D9); output/config/image_type2class.json | Default (D9),
sparte001,Archive,PHOTO,dc:type,htype_034,Bild,110,no,no,no,,,,,
sparte001,Archive,PHOTO,dc:type,htype_034,Akten,45,yes,yes,yes,,https://ise-fizkarlsruhe.github.io/ddbkg/mocho#Manifestation,mocho:Manifestation,lookup_dctype_to_class.csv | mocho | Default (D9); output/config/image_type2class.json | Default (D9),
sparte001,Archive,PHOTO,dc:type,htype_034,Plakate und Flugblätter,15,yes,yes,yes,,https://ise-fizkarlsruhe.github.io/ddbkg/mocho#Manifestation,mocho:Manifestation,lookup_dctype_to_class.csv | mocho | Default (D9); output/config/image_type2class.json | Default (D9),
sparte001,Archive,PHOTO,dc:type,htype_034,Sonstiges,14,yes,yes,yes,,https://ise-fizkarlsruhe.github.io/ddbkg/mocho#Manifestation,mocho:Manifestation,lookup_dctype_to_class.csv | mocho | Default (D9); output/config/image_type2class.json | Default (D9),
sparte001,Archive,PHOTO,dc:type,htype_034,Urkunden,10,yes,yes,yes,,https://ise-fizkarlsruhe.github.io/ddbkg/mocho#Manifestation,mocho:Manifestation,lookup_dctype_to_class.csv | mocho | Default (D9); output/config/image_type2class.json | Default (D9),
sparte001,Archive,PHOTO,dc:type,htype_034,Archivalie – Korrespondenz,7,yes,yes,yes,,https://ise-fizkarlsruhe.github.io/ddbkg/mocho#Manifestation,mocho:Manifestation,lookup_dctype_to_class.csv | mocho | Default (D9); output/config/image_type2class.json | Default (D9),
sparte001,Archive,PHOTO,dc:type,htype_034,Karten und Pläne,7,yes,yes,yes,,https://ise-fizkarlsruhe.github.io/ddbkg/mocho#Manifestation,mocho:Manifestation,lookup_dctype_to_class.csv | mocho | Default (D9); output/config/image_type2class.json | Default (D9),
sparte001,Archive,PHOTO,dc:type,htype_035,Bilder,2,yes,yes,yes,,https://ise-fizkarlsruhe.github.io/ddbkg/mocho#Manifestation,mocho:Manifestation,lookup_dctype_to_class.csv | mocho | Default (D9); output/config/image_type2class.json | Default (D9),
sparte001,Archive,TEXT,both,htype_021,Monografie,1,no,n/a,no,,,,,
sparte001,Archive,TEXT,both,htype_026,Text,2993,no,n/a,no,,,,,
sparte001,Archive,TEXT,both,htype_034,Sachakte,853,no,n/a,no,,,,,
sparte001,Archive,TEXT,both,htype_034,Archivale,404,no,n/a,no,,,,,
sparte001,Archive,TEXT,both,htype_034,,85,no,n/a,no,,,,,
sparte001,Archive,TEXT,both,htype_034,Verzeichnung,42,no,n/a,no,,,,,
sparte001,Archive,TEXT,both,htype_034,Urkunden,29,no,n/a,no,,,,,
sparte001,Archive,TEXT,both,htype_034,Urkunde,20,no,n/a,no,,,,,
sparte001,Archive,TEXT,both,htype_034,Akten,16,no,n/a,no,,,,,
sparte001,Archive,TEXT,both,htype_034,Drucksache,9,no,n/a,no,,,,,
sparte001,Archive,TEXT,both,htype_034,Gliederung,7,no,n/a,no,,,,,
sparte001,Archive,TEXT,both,htype_034,Akte,2,no,n/a,no,,,,,
sparte001,Archive,TEXT,both,htype_035,Dokument,18626,no,n/a,no,,,,,
sparte001,Archive,TEXT,both,htype_035,Akte,7,no,n/a,no,,,,,
sparte001,Archive,TEXT,both,htype_035,Personenakten,6,no,n/a,no,,,,,
sparte001,Archive,TEXT,both,htype_035,Urkunden,5,no,n/a,no,,,,,
sparte001,Archive,TEXT,both,htype_035,"Amtsbücher, Register und Grundbücher",2,no,n/a,no,,,,,
sparte001,Archive,VIDEO,dc:type,,Interview,7,yes,yes,yes,,http://www.ebu.ch/metadata/ontologies/ebucoreplus#EditorialWork,ebucoreplus:EditorialWork,lookup_dctype_to_class.csv | ebucoreplus | Recorded interview; archival sector.; output/config/video_type2class.json | Recorded interview; archival sector.,
sparte002,Library,ANY,dc:type,,Buchbeitrag,10,no,n/a,no,,,,,
sparte002,Library,ANY,dc:type,,Artikel,7,no,n/a,no,,,,,
sparte002,Library,ANY,dc:type,,,6,no,n/a,no,,,,,
sparte002,Library,ANY,dc:type,,Buch,2,no,n/a,no,,,,,
sparte002,Library,AUDIO,dc:type,,Musikaufführung,12,no,no,no,,,,,
sparte002,Library,PHOTO,both,,Grafik,147,yes,yes,yes,,https://ise-fizkarlsruhe.github.io/ddbkg/mocho#Manifestation,mocho:Manifestation,lookup_dctype_to_class.csv | mocho | Default (D9); output/config/image_type2class.json | Default (D9),
sparte002,Library,PHOTO,both,,Druckgraphik,67,yes,yes,yes,,https://ise-fizkarlsruhe.github.io/ddbkg/mocho#Manifestation,mocho:Manifestation,lookup_dctype_to_class.csv | mocho | Default (D9); output/config/image_type2class.json | Default (D9),
sparte002,Library,PHOTO,both,,Fotografie,43,yes,yes,yes,,https://ise-fizkarlsruhe.github.io/ddbkg/mocho#Manifestation,mocho:Manifestation,lookup_dctype_to_class.csv | mocho | Default (D9); output/config/image_type2class.json | Default (D9),
sparte002,Library,PHOTO,both,,Buchmalerei,38,yes,yes,yes,,https://ise-fizkarlsruhe.github.io/ddbkg/mocho#Manifestation,mocho:Manifestation,lookup_dctype_to_class.csv | mocho | Default (D9); output/config/image_type2class.json | Default (D9),
sparte002,Library,PHOTO,both,,Druck,36,yes,yes,yes,,https://ise-fizkarlsruhe.github.io/ddbkg/mocho#Manifestation,mocho:Manifestation,lookup_dctype_to_class.csv | mocho | Default (D9); output/config/image_type2class.json | Default (D9),
sparte002,Library,PHOTO,both,,Buch,34,yes,yes,yes,,https://ise-fizkarlsruhe.github.io/ddbkg/mocho#Manifestation,mocho:Manifestation,lookup_dctype_to_class.csv | mocho | Default (D9); output/config/image_type2class.json | Default (D9),
sparte002,Library,PHOTO,both,,Zeitungsausschnitt,9,yes,yes,yes,,https://ise-fizkarlsruhe.github.io/ddbkg/mocho#Manifestation,mocho:Manifestation,lookup_dctype_to_class.csv | mocho | Default (D9); output/config/image_type2class.json | Default (D9),
sparte002,Library,PHOTO,both,,Medaille,7,yes,yes,yes,http://purl.org/vra/Work,,vra:Work,lookup_dctype_to_class.csv | vra | 3D object — any sector; output/config/image_type2class.json | 3D object — any sector,
sparte002,Library,PHOTO,both,,Porträt,7,yes,yes,yes,,https://ise-fizkarlsruhe.github.io/ddbkg/mocho#Manifestation,mocho:Manifestation,lookup_dctype_to_class.csv | mocho | Default (D9); output/config/image_type2class.json | Default (D9),
sparte002,Library,PHOTO,both,,Visuelle Materialien,3,yes,yes,yes,,https://ise-fizkarlsruhe.github.io/ddbkg/mocho#Manifestation,mocho:Manifestation,lookup_dctype_to_class.csv | mocho | Default (D9); output/config/image_type2class.json | Default (D9),
sparte002,Library,PHOTO,both,htype_015,Illustration,444,yes,yes,yes,,https://ise-fizkarlsruhe.github.io/ddbkg/mocho#Manifestation,mocho:Manifestation,lookup_dctype_to_class.csv | mocho | Default (D9); output/config/image_type2class.json | Default (D9),
sparte002,Library,PHOTO,both,htype_019,Karte,133,yes,yes,yes,,https://ise-fizkarlsruhe.github.io/ddbkg/mocho#Manifestation,mocho:Manifestation,lookup_dctype_to_class.csv | mocho | Default (D9); output/config/image_type2class.json | Default (D9),
sparte002,Library,PHOTO,both,htype_021,Grafik,1,yes,yes,yes,,https://ise-fizkarlsruhe.github.io/ddbkg/mocho#Manifestation,mocho:Manifestation,lookup_dctype_to_class.csv | mocho | Default (D9); output/config/image_type2class.json | Default (D9),
sparte002,Library,TEXT,both,,Arbeitspapier,1519,no,n/a,no,,,,,
sparte002,Library,TEXT,both,,Bericht,104,no,n/a,no,,,,,
sparte002,Library,TEXT,both,,Noten,92,no,n/a,no,,,,,
sparte002,Library,TEXT,both,,Monografie,66,no,n/a,no,,,,,
sparte002,Library,TEXT,both,,Journal article,29,no,n/a,no,,,,,
sparte002,Library,TEXT,both,,Artikel,22,no,n/a,no,,,,,
sparte002,Library,TEXT,both,,Buch,12,no,n/a,no,,,,,
sparte002,Library,TEXT,both,,Collection article,11,no,n/a,no,,,,,
sparte002,Library,TEXT,both,,Working paper,9,no,n/a,no,,,,,
sparte002,Library,TEXT,both,,Konferenzbeitrag,6,no,n/a,no,,,,,
sparte002,Library,TEXT,both,htype_001,Abschnitt,2898,no,n/a,no,,,,,
sparte002,Library,TEXT,both,htype_003,Beigefügtes oder enthaltenes Werk,101,no,n/a,no,,,,,
sparte002,Library,TEXT,both,htype_004,Annotation,9,no,n/a,no,,,,,
sparte002,Library,TEXT,both,htype_006,,3355,no,n/a,no,,,,,
sparte002,Library,TEXT,both,htype_006,Aufsatz,1093,no,n/a,no,,,,,
sparte002,Library,TEXT,both,htype_006,Zeitschrift,71,no,n/a,no,,,,,
sparte002,Library,TEXT,both,htype_006,Rezension,68,no,n/a,no,,,,,
sparte002,Library,TEXT,both,htype_006,Interview,3,no,n/a,no,,,,,
sparte002,Library,TEXT,both,htype_006,Bildband,1,no,n/a,no,,,,,
sparte002,Library,TEXT,both,htype_006,Erlebnisbericht,1,no,n/a,no,,,,,
sparte002,Library,TEXT,both,htype_006,Hochschulschrift,1,no,n/a,no,,,,,
sparte002,Library,TEXT,both,htype_006,Konferenzschrift,1,no,n/a,no,,,,,
sparte002,Library,TEXT,both,htype_006,Weblog,1,no,n/a,no,,,,,
sparte002,Library,TEXT,both,htype_007,text,2313,no,n/a,no,,,,,
sparte002,Library,TEXT,both,htype_007,Band,356,no,n/a,no,,,,,
sparte002,Library,TEXT,both,htype_007,notated music,108,no,n/a,no,,,,,
sparte002,Library,TEXT,both,htype_007,,22,no,n/a,no,,,,,
sparte002,Library,TEXT,both,htype_007,Hochschulschrift,19,no,n/a,no,,,,,
sparte002,Library,TEXT,both,htype_007,Anthologie,4,no,n/a,no,,,,,
sparte002,Library,TEXT,both,htype_007,Aufsatzsammlung,4,no,n/a,no,,,,,
sparte002,Library,TEXT,both,htype_007,Roman,4,no,n/a,no,,,,,
sparte002,Library,TEXT,both,htype_007,Biografie,3,no,n/a,no,,,,,
sparte002,Library,TEXT,both,htype_007,Briefsammlung,3,no,n/a,no,,,,,
sparte002,Library,TEXT,both,htype_008,Beilage,19,no,n/a,no,,,,,
sparte002,Library,TEXT,both,htype_010,Eintrag,1,no,n/a,no,,,,,
sparte002,Library,TEXT,both,htype_013,Handschrift,120,no,n/a,no,,,,,
sparte002,Library,TEXT,both,htype_014,Heft,39,no,n/a,no,,,,,
sparte002,Library,TEXT,both,htype_016,Index,52,no,n/a,no,,,,,
sparte002,Library,TEXT,both,htype_017,Inhaltsverzeichnis,62,no,n/a,no,,,,,
sparte002,Library,TEXT,both,htype_018,Kapitel,6065,no,n/a,no,,,,,
sparte002,Library,TEXT,both,htype_020,mehrbändiges Werk,74,no,n/a,no,,,,,
sparte002,Library,TEXT,both,htype_020,Multivolume work,1,no,n/a,no,,,,,
sparte002,Library,TEXT,both,htype_021,,5476,no,n/a,no,,,,,
sparte002,Library,TEXT,both,htype_021,text,1169,no,n/a,no,,,,,
sparte002,Library,TEXT,both,htype_021,Monografie,1088,no,n/a,no,,,,,
sparte002,Library,TEXT,both,htype_021,Hochschulschrift,1032,no,n/a,no,,,,,
sparte002,Library,TEXT,both,htype_021,notated music,198,no,n/a,no,,,,,
sparte002,Library,TEXT,both,htype_021,Einblattdruck,167,no,n/a,no,,,,,
sparte002,Library,TEXT,both,htype_021,Biografie,43,no,n/a,no,,,,,
sparte002,Library,TEXT,both,htype_021,Rezension,34,no,n/a,no,,,,,
sparte002,Library,TEXT,both,htype_021,Bildliche Darstellung,30,no,n/a,no,,,,,
sparte002,Library,TEXT,both,htype_021,Briefsammlung,25,no,n/a,no,,,,,
sparte002,Library,TEXT,both,htype_023,Zeitschrift,125,no,n/a,no,,,,,
sparte002,Library,TEXT,both,htype_023,Fortlaufendes Sammelwerk,26,no,n/a,no,,,,,
sparte002,Library,TEXT,both,htype_023,Online-Publikation,3,no,n/a,no,,,,,
sparte002,Library,TEXT,both,htype_023,Statistik,1,no,n/a,no,,,,,
sparte002,Library,TEXT,both,htype_026,Text,118,no,n/a,no,,,,,
sparte002,Library,TEXT,both,htype_027,Vers,2,no,n/a,no,,,,,
sparte002,Library,TEXT,both,htype_028,Vorwort,66,no,n/a,no,,,,,
sparte002,Library,TEXT,both,htype_029,Widmung,10,no,n/a,no,,,,,
sparte002,Library,TEXT,both,htype_038,Brief,49,no,n/a,no,,,,,
sparte002,Library,VIDEO,both,htype_021,zweidimensionales bewegtes Bild,8,yes,yes,yes,,http://www.ebu.ch/metadata/ontologies/ebucoreplus#MediaResource,ebucoreplus:MediaResource,lookup_dctype_to_class.csv | ebucoreplus | Generic moving image; library sector.; output/config/video_type2class.json | Generic moving image; library sector.,
sparte003,Monument Preservation,PHOTO,dc:type,,Baudenkmal,49,yes,yes,yes,https://ise-fizkarlsruhe.github.io/ddbkg/mocho#ImmovableWork,,mocho:ImmovableWork,lookup_dctype_to_class.csv | mocho | Built heritage — any sector; output/config/image_type2class.json | Built heritage — any sector,
sparte003,Monument Preservation,PHOTO,dc:type,,Diapositiv,9,yes,yes,yes,http://purl.org/vra/Work,,vra:Work,lookup_dctype_to_class.csv | vra | Sector default — sparte003; output/config/image_type2class.json | Sector default — sparte003,
sparte003,Monument Preservation,PHOTO,dc:type,,Schule,6,yes,yes,yes,https://ise-fizkarlsruhe.github.io/ddbkg/mocho#ImmovableWork,,mocho:ImmovableWork,lookup_dctype_to_class.csv | mocho | Built heritage — any sector; output/config/image_type2class.json | Built heritage — any sector,
sparte003,Monument Preservation,PHOTO,dc:type,,Flächendenkmal,2,yes,yes,yes,http://purl.org/vra/Work,,vra:Work,lookup_dctype_to_class.csv | vra | Sector default — sparte003; output/config/image_type2class.json | Sector default — sparte003,
sparte003,Monument Preservation,PHOTO,dc:type,,"Kirche, ev.",2,yes,yes,yes,http://purl.org/vra/Work,,vra:Work,lookup_dctype_to_class.csv | vra | Sector default — sparte003; output/config/image_type2class.json | Sector default — sparte003,
sparte003,Monument Preservation,PHOTO,dc:type,,Schlossanlage,2,yes,yes,yes,http://purl.org/vra/Work,,vra:Work,lookup_dctype_to_class.csv | vra | Sector default — sparte003; output/config/image_type2class.json | Sector default — sparte003,
sparte003,Monument Preservation,PHOTO,dc:type,,Wohnhaus,2,yes,yes,yes,https://ise-fizkarlsruhe.github.io/ddbkg/mocho#ImmovableWork,,mocho:ImmovableWork,lookup_dctype_to_class.csv | mocho | Built heritage — any sector; output/config/image_type2class.json | Built heritage — any sector,
sparte003,Monument Preservation,PHOTO,dc:type,,Brücke,1,yes,yes,yes,http://purl.org/vra/Work,,vra:Work,lookup_dctype_to_class.csv | vra | Sector default — sparte003; output/config/image_type2class.json | Sector default — sparte003,
sparte003,Monument Preservation,PHOTO,dc:type,,Bunker,1,yes,yes,yes,http://purl.org/vra/Work,,vra:Work,lookup_dctype_to_class.csv | vra | Sector default — sparte003; output/config/image_type2class.json | Sector default — sparte003,
sparte003,Monument Preservation,PHOTO,dc:type,,Büro- und Geschäftshaus,1,yes,yes,yes,http://purl.org/vra/Work,,vra:Work,lookup_dctype_to_class.csv | vra | Sector default — sparte003; output/config/image_type2class.json | Sector default — sparte003,
sparte004,Research,AUDIO,dc:type,,Tonaufnahme,13,yes,yes,yes,,https://w3id.org/ac-ontology/aco#AudioManifestation,"['mo:Record', 'aco:AudioClip'] | aco:AudioItem | aco:AudioFile","lookup_dctype_to_class.csv | aco | Usual Topics: Tierstimme, Industriegeräusche, Lesung, Interview; scripts/old-config/audio_type2class.json | Usual Topics: Tierstimme, Industriegeräusche, Lesung, Interview",
sparte004,Research,AUDIO,dc:type,,Schellackplatte,9,yes,yes,yes,http://purl.org/ontology/mo/MusicalWork,http://purl.org/ontology/mo/MusicalManifestation,mo:MusicalWork | mo:MuscialExpression | mo:MusicalManifestation | mo:MusicalItem | aco:AudioFile,lookup_dctype_to_class.csv | mo; scripts/old-config/audio_type2class.json,
sparte004,Research,PHOTO,dc:type,,Ansichtskarte / Motivkarte,310,yes,yes,yes,,https://ise-fizkarlsruhe.github.io/ddbkg/mocho#Manifestation,mocho:Manifestation,lookup_dctype_to_class.csv | mocho | Default (D9); output/config/image_type2class.json | Default (D9),
sparte004,Research,PHOTO,dc:type,,Fotografie,85,yes,yes,yes,,https://ise-fizkarlsruhe.github.io/ddbkg/mocho#Manifestation,mocho:Manifestation,lookup_dctype_to_class.csv | mocho | Default (D9); output/config/image_type2class.json | Default (D9),
sparte004,Research,PHOTO,dc:type,,Ansichtskarte / Motivkarte;Weltpostkarte,59,yes,yes,yes,,https://ise-fizkarlsruhe.github.io/ddbkg/mocho#Manifestation,mocho:Manifestation,lookup_dctype_to_class.csv | mocho | Default (D9); output/config/image_type2class.json | Default (D9),
sparte004,Research,PHOTO,dc:type,,Ansichtskarte,55,yes,yes,yes,,https://ise-fizkarlsruhe.github.io/ddbkg/mocho#Manifestation,mocho:Manifestation,lookup_dctype_to_class.csv | mocho | Default (D9); output/config/image_type2class.json | Default (D9),
sparte004,Research,PHOTO,dc:type,,Gemälde,44,yes,yes,yes,,https://ise-fizkarlsruhe.github.io/ddbkg/mocho#Manifestation,mocho:Manifestation,lookup_dctype_to_class.csv | mocho | Default (D9); output/config/image_type2class.json | Default (D9),
sparte004,Research,PHOTO,dc:type,,Zeichnung,39,yes,yes,yes,,https://ise-fizkarlsruhe.github.io/ddbkg/mocho#Manifestation,mocho:Manifestation,lookup_dctype_to_class.csv | mocho | Default (D9); output/config/image_type2class.json | Default (D9),
sparte004,Research,PHOTO,dc:type,,Grafik,32,yes,yes,yes,,https://ise-fizkarlsruhe.github.io/ddbkg/mocho#Manifestation,mocho:Manifestation,lookup_dctype_to_class.csv | mocho | Default (D9); output/config/image_type2class.json | Default (D9),
sparte004,Research,PHOTO,dc:type,,Druck,23,yes,yes,yes,,https://ise-fizkarlsruhe.github.io/ddbkg/mocho#Manifestation,mocho:Manifestation,lookup_dctype_to_class.csv | mocho | Default (D9); output/config/image_type2class.json | Default (D9),
sparte004,Research,PHOTO,dc:type,,Universitätsinstitut,19,yes,yes,yes,https://ise-fizkarlsruhe.github.io/ddbkg/mocho#ImmovableWork,,mocho:ImmovableWork,lookup_dctype_to_class.csv | mocho | Built heritage — any sector; output/config/image_type2class.json | Built heritage — any sector,
sparte004,Research,PHOTO,dc:type,,Büste,18,yes,yes,yes,http://purl.org/vra/Work,,vra:Work,lookup_dctype_to_class.csv | vra | 3D object — any sector; output/config/image_type2class.json | 3D object — any sector,
sparte004,Research,PHOTO,dc:type,htype_015,Illustration,6,yes,yes,yes,,https://ise-fizkarlsruhe.github.io/ddbkg/mocho#Manifestation,mocho:Manifestation,lookup_dctype_to_class.csv | mocho | Default (D9); output/config/image_type2class.json | Default (D9),
sparte004,Research,PHOTO,dc:type,htype_034,Archivale,4,yes,yes,yes,,https://ise-fizkarlsruhe.github.io/ddbkg/mocho#Manifestation,mocho:Manifestation,lookup_dctype_to_class.csv | mocho | Default (D9); output/config/image_type2class.json | Default (D9),
sparte004,Research,TEXT,both,htype_001,Abschnitt,162,no,n/a,no,,,,,
sparte004,Research,TEXT,both,htype_007,Band,2,no,n/a,no,,,,,
sparte004,Research,TEXT,both,htype_018,Kapitel,91,no,n/a,no,,,,,
sparte004,Research,TEXT,both,htype_021,Monografie,5,no,n/a,no,,,,,
sparte005,Media Library,AUDIO,dc:type,,Schellackplatte,422,yes,yes,yes,http://purl.org/ontology/mo/MusicalWork,http://purl.org/ontology/mo/MusicalManifestation,mo:MusicalWork | mo:MuscialExpression | mo:MusicalManifestation | mo:MusicalItem | aco:AudioFile,lookup_dctype_to_class.csv | mo; scripts/old-config/audio_type2class.json,
sparte005,Media Library,AUDIO,dc:type,,Schallplatte,1,yes,yes,yes,http://purl.org/ontology/mo/MusicalWork,http://purl.org/ontology/mo/MusicalManifestation,mo:MusicalWork | mo:MuscialExpression | mo:MusicalManifestation | mo:MusicalItem | aco:AudioFile,lookup_dctype_to_class.csv | mo | https://d-nb.info/gnd/4052032-8; scripts/old-config/audio_type2class.json | https://d-nb.info/gnd/4052032-8,
sparte005,Media Library,AUDIO,dc:type,,Tonbandspule,1,no,no,no,,,,,
sparte005,Media Library,PHOTO,dc:type,,Fotografie,1898,yes,yes,yes,https://ise-fizkarlsruhe.github.io/ddbkg/mocho#ImageWork,,mocho:ImageWork,lookup_dctype_to_class.csv | mocho | Photo Work — sparte005; output/config/image_type2class.json | Photo Work — sparte005,
sparte005,Media Library,PHOTO,dc:type,,Druck,834,yes,yes,yes,https://ise-fizkarlsruhe.github.io/ddbkg/mocho#ImageWork,,mocho:ImageWork,lookup_dctype_to_class.csv | mocho | Photo Work (media library only) — sparte005; output/config/image_type2class.json | Photo Work (media library only) — sparte005,
sparte005,Media Library,PHOTO,dc:type,,Zeichnung,160,yes,yes,yes,http://purl.org/vra/Work,,vra:Work,lookup_dctype_to_class.csv | vra | 2D artwork — sparte005; output/config/image_type2class.json | 2D artwork — sparte005,
sparte005,Media Library,PHOTO,dc:type,,Album Zeichnung,138,yes,yes,yes,http://purl.org/vra/Work,,vra:Work,lookup_dctype_to_class.csv | vra | 2D artwork — sparte005; output/config/image_type2class.json | 2D artwork — sparte005,
sparte005,Media Library,PHOTO,dc:type,,Standfoto,103,yes,yes,yes,https://ise-fizkarlsruhe.github.io/ddbkg/mocho#ImageWork,,mocho:ImageWork,lookup_dctype_to_class.csv | mocho | Photo Work — sparte005; output/config/image_type2class.json | Photo Work — sparte005,
sparte005,Media Library,PHOTO,dc:type,,Kontaktbogen,81,yes,yes,yes,https://ise-fizkarlsruhe.github.io/ddbkg/mocho#ImageWork,,mocho:ImageWork,lookup_dctype_to_class.csv | mocho | Photo Work — sparte005; output/config/image_type2class.json | Photo Work — sparte005,
sparte005,Media Library,PHOTO,dc:type,,Kleinbilddia,53,yes,yes,yes,https://ise-fizkarlsruhe.github.io/ddbkg/mocho#ImageWork,,mocho:ImageWork,lookup_dctype_to_class.csv | mocho | Photo Work — sparte005; output/config/image_type2class.json | Photo Work — sparte005,
sparte005,Media Library,PHOTO,dc:type,,Seite,51,yes,yes,yes,https://ise-fizkarlsruhe.github.io/ddbkg/mocho#ImageWork,,mocho:ImageWork,lookup_dctype_to_class.csv | mocho | Sector default — sparte005; output/config/image_type2class.json | Sector default — sparte005,
sparte005,Media Library,PHOTO,dc:type,,Kunst,50,yes,yes,yes,https://ise-fizkarlsruhe.github.io/ddbkg/mocho#ImageWork,,mocho:ImageWork,lookup_dctype_to_class.csv | mocho | Sector default — sparte005; output/config/image_type2class.json | Sector default — sparte005,
sparte005,Media Library,PHOTO,dc:type,,Postkarte,49,yes,yes,yes,https://ise-fizkarlsruhe.github.io/ddbkg/mocho#ImageWork,,mocho:ImageWork,lookup_dctype_to_class.csv | mocho | Photo Work — sparte005; output/config/image_type2class.json | Photo Work — sparte005,
sparte005,Media Library,TEXT,dc:type,,Artikel,2,no,n/a,no,,,,,
sparte005,Media Library,VIDEO,dc:type,,Trailer,40,yes,yes,yes,,http://www.ebu.ch/metadata/ontologies/ebucoreplus#EditorialWork,ebucoreplus:EditorialWork,lookup_dctype_to_class.csv | ebucoreplus | Promotional trailer; museum sector. Treated as standalone editorial work.; output/config/video_type2class.json | Promotional trailer; museum sector. Treated as standalone editorial work.,
sparte005,Media Library,VIDEO,dc:type,,Dokumentarfilm,10,yes,yes,yes,,http://www.ebu.ch/metadata/ontologies/ebucoreplus#EditorialWork,ebucoreplus:EditorialWork,lookup_dctype_to_class.csv | ebucoreplus | Documentary; editorial content.; output/config/video_type2class.json | Documentary; editorial content.,
sparte005,Media Library,VIDEO,dc:type,,Teaser,6,yes,yes,yes,,http://www.ebu.ch/metadata/ontologies/ebucoreplus#EditorialWork,ebucoreplus:EditorialWork,lookup_dctype_to_class.csv | ebucoreplus | Short promotional clip. Treated as standalone editorial work.; output/config/video_type2class.json | Short promotional clip. Treated as standalone editorial work.,
sparte005,Media Library,VIDEO,dc:type,,Veranstaltungsmitschnitt,5,yes,yes,yes,,http://www.ebu.ch/metadata/ontologies/ebucoreplus#EditorialWork,ebucoreplus:EditorialWork,lookup_dctype_to_class.csv | ebucoreplus | Recording of a live event.; output/config/video_type2class.json | Recording of a live event.,
sparte005,Media Library,VIDEO,dc:type,,Filmanfang,1,yes,yes,yes,,http://www.ebu.ch/metadata/ontologies/ebucoreplus#MediaResource,ebucoreplus:MediaResource,lookup_dctype_to_class.csv | ebucoreplus | Fragment — opening sequence of a film.; output/config/video_type2class.json | Fragment — opening sequence of a film.,
sparte005,Media Library,VIDEO,dc:type,,Tonbild,1,yes,yes,yes,,http://www.ebu.ch/metadata/ontologies/ebucoreplus#EditorialWork,ebucoreplus:EditorialWork,lookup_dctype_to_class.csv | ebucoreplus | Historical audiovisual format (slide show with audio). Treated as standalone editorial work.; output/config/video_type2class.json | Historical audiovisual format (slide show with audio). Treated as standalone editorial work.,
sparte006,Museum,AUDIO,dc:type,,Audiofile,7,yes,yes,yes,,https://w3id.org/ac-ontology/aco#AudioManifestation,"fabio:Work | fabio:AudioDocument | ['mo:Record', 'aco:AudioClip'] | aco:AudioItem | aco:AudioFile",lookup_dctype_to_class.csv | aco | Often recordings of theater performances.; scripts/old-config/audio_type2class.json | Often recordings of theater performances.,
sparte006,Museum,AUDIO,dc:type,,Inszenierung,3,yes,yes,yes,,https://w3id.org/ac-ontology/aco#AudioManifestation,"fabio:Work | fabio:AudioDocument | ['mo:Record', 'aco:AudioClip'] | aco:AudioItem | aco:AudioFile",lookup_dctype_to_class.csv | aco | Often recordings of theater performances.; scripts/old-config/audio_type2class.json | Often recordings of theater performances.,
sparte006,Museum,PHOTO,dc:type,,Zeichnung,3167,yes,yes,yes,http://purl.org/vra/Work,,vra:Work,lookup_dctype_to_class.csv | vra | 2D artwork — sparte006; output/config/image_type2class.json | 2D artwork — sparte006,
sparte006,Museum,PHOTO,dc:type,,Druckgraphik,2576,yes,yes,yes,http://purl.org/vra/Work,,vra:Work,lookup_dctype_to_class.csv | vra | 2D artwork — sparte006; output/config/image_type2class.json | 2D artwork — sparte006,
sparte006,Museum,PHOTO,dc:type,,Gemälde,549,yes,yes,yes,http://purl.org/vra/Work,,vra:Work,lookup_dctype_to_class.csv | vra | 2D artwork — sparte006; output/config/image_type2class.json | 2D artwork — sparte006,
sparte006,Museum,PHOTO,dc:type,,Fotomechanische Reproduktion,188,yes,yes,yes,https://ise-fizkarlsruhe.github.io/ddbkg/mocho#ImageWork,,mocho:ImageWork,lookup_dctype_to_class.csv | mocho | Photo Work — sparte006; output/config/image_type2class.json | Photo Work — sparte006,
sparte006,Museum,PHOTO,dc:type,,Fotografie,150,yes,yes,yes,https://ise-fizkarlsruhe.github.io/ddbkg/mocho#ImageWork,,mocho:ImageWork,lookup_dctype_to_class.csv | mocho | Photo Work — sparte006; output/config/image_type2class.json | Photo Work — sparte006,
sparte006,Museum,PHOTO,dc:type,,Foto,140,yes,yes,yes,https://ise-fizkarlsruhe.github.io/ddbkg/mocho#ImageWork,,mocho:ImageWork,lookup_dctype_to_class.csv | mocho | Photo Work — sparte006; output/config/image_type2class.json | Photo Work — sparte006,
sparte006,Museum,PHOTO,dc:type,,Plakat,127,yes,yes,yes,http://purl.org/vra/Work,,vra:Work,lookup_dctype_to_class.csv | vra | 2D artwork — sparte006; output/config/image_type2class.json | 2D artwork — sparte006,
sparte006,Museum,PHOTO,dc:type,,Medaille,116,yes,yes,yes,http://purl.org/vra/Work,,vra:Work,lookup_dctype_to_class.csv | vra | 3D object — any sector; output/config/image_type2class.json | 3D object — any sector,
sparte006,Museum,PHOTO,dc:type,,Druckgrafik,82,yes,yes,yes,http://purl.org/vra/Work,,vra:Work,lookup_dctype_to_class.csv | vra | 2D artwork — sparte006; output/config/image_type2class.json | 2D artwork — sparte006,
sparte006,Museum,PHOTO,dc:type,,Geldschein,82,yes,yes,yes,http://purl.org/vra/Work,,vra:Work,lookup_dctype_to_class.csv | vra | 3D object — any sector; output/config/image_type2class.json | 3D object — any sector,
sparte006,Museum,TEXT,dc:type,,Druck,4,no,n/a,no,,,,,
sparte006,Museum,TEXT,dc:type,,Forschungs- und Entwicklungsbericht,2,no,n/a,no,,,,,
sparte006,Museum,TEXT,dc:type,,Zeitung,2,no,n/a,no,,,,,
sparte006,Museum,TEXT,dc:type,htype_001,Abschnitt,7,no,n/a,no,,,,,
sparte006,Museum,VIDEO,dc:type,,Videofilm,11,yes,yes,yes,,http://www.ebu.ch/metadata/ontologies/ebucoreplus#EditorialWork,ebucoreplus:EditorialWork,lookup_dctype_to_class.csv | ebucoreplus | General video film.; output/config/video_type2class.json | General video film.,
sparte006,Museum,VIDEO,dc:type,,Inszenierung,7,yes,yes,yes,,http://www.ebu.ch/metadata/ontologies/ebucoreplus#EditorialWork,ebucoreplus:EditorialWork,lookup_dctype_to_class.csv | ebucoreplus | Video recording of a theatrical or musical production.; output/config/video_type2class.json | Video recording of a theatrical or musical production.,
sparte007,Others,PHOTO,dc:type,,Postkarte,8,yes,yes,yes,,https://ise-fizkarlsruhe.github.io/ddbkg/mocho#Manifestation,mocho:Manifestation,lookup_dctype_to_class.csv | mocho | Default (D9); output/config/image_type2class.json | Default (D9),
sparte007,Others,PHOTO,dc:type,,Druck,7,yes,yes,yes,,https://ise-fizkarlsruhe.github.io/ddbkg/mocho#Manifestation,mocho:Manifestation,lookup_dctype_to_class.csv | mocho | Default (D9); output/config/image_type2class.json | Default (D9),
sparte007,Others,PHOTO,dc:type,,Einladung,7,yes,yes,yes,,https://ise-fizkarlsruhe.github.io/ddbkg/mocho#Manifestation,mocho:Manifestation,lookup_dctype_to_class.csv | mocho | Default (D9); output/config/image_type2class.json | Default (D9),
sparte007,Others,PHOTO,dc:type,,Schwarzweißfotografie,7,yes,yes,yes,,https://ise-fizkarlsruhe.github.io/ddbkg/mocho#Manifestation,mocho:Manifestation,lookup_dctype_to_class.csv | mocho | Default (D9); output/config/image_type2class.json | Default (D9),
sparte007,Others,PHOTO,dc:type,,Skulptur,7,yes,yes,yes,http://purl.org/vra/Work,,vra:Work,lookup_dctype_to_class.csv | vra | 3D object — any sector; output/config/image_type2class.json | 3D object — any sector,
sparte007,Others,PHOTO,dc:type,,Fotografie,6,yes,yes,yes,,https://ise-fizkarlsruhe.github.io/ddbkg/mocho#Manifestation,mocho:Manifestation,lookup_dctype_to_class.csv | mocho | Default (D9); output/config/image_type2class.json | Default (D9),
sparte007,Others,PHOTO,dc:type,,Zeichnung,5,yes,yes,yes,,https://ise-fizkarlsruhe.github.io/ddbkg/mocho#Manifestation,mocho:Manifestation,lookup_dctype_to_class.csv | mocho | Default (D9); output/config/image_type2class.json | Default (D9),
sparte007,Others,PHOTO,dc:type,,Gemälde,4,yes,yes,yes,,https://ise-fizkarlsruhe.github.io/ddbkg/mocho#Manifestation,mocho:Manifestation,lookup_dctype_to_class.csv | mocho | Default (D9); output/config/image_type2class.json | Default (D9),
sparte007,Others,PHOTO,dc:type,,Collage,3,yes,yes,yes,,https://ise-fizkarlsruhe.github.io/ddbkg/mocho#Manifestation,mocho:Manifestation,lookup_dctype_to_class.csv | mocho | Default (D9); output/config/image_type2class.json | Default (D9),
sparte007,Others,PHOTO,dc:type,,Druckgraphik,3,yes,yes,yes,,https://ise-fizkarlsruhe.github.io/ddbkg/mocho#Manifestation,mocho:Manifestation,lookup_dctype_to_class.csv | mocho | Default (D9); output/config/image_type2class.json | Default (D9),
sparte007,Others,TEXT,both,htype_001,Abschnitt,9,no,n/a,no,,,,,
sparte007,Others,TEXT,both,htype_020,mehrbändiges Werk,1,no,n/a,no,,,,,
sparte007,Others,TEXT,both,htype_021,Monografie,1,no,n/a,no,,,,,
